{
  "name": "pos_2026_03_03_example",
  "cost": null,
  "pos": [
    999.7153881712717,
    989.8568611314538,
    846.9306855895525,
    812.3405141712682,
    357.50476722603656,
    999.0189388651343,
    853.5246592828234,
    979.0165540829283,
    952.2077494627958,
    998.2131906719599,
    998.0020446893369,
    638.3004244094977,
    645.2087664126163,
    681.6157122198844,
    702.1334382560799,
    284.8875621006104,
    882.7549390819086,
    520.3952331766168,
    442.78456983718775,
    875.627636396043,
    683.0421367034168,
    725.5677666087739,
    305.7428105275045,
    302.3913087111928,
    246.68691437766532,
    261.130662543832,
    25.83901557205877,
    397.619402446743,
    17.140592766392103,
    140.12532478580698,
    735.0979445623718,
    211.69540821165236,
    355.55785007186574,
    4.522892213428676,
    2.827729567363648,
    0.9073471746931481,
    0.8273584342733484
  ],
  "meta": {
    "source": "preset"
  },
  "reflection": {
    "am": [
      0.7830037474632263,
      0.6722525954246521,
      0.2023611068725586,
      0.08592946082353592,
      0.07802455872297287,
      0.010044286958873272,
      0.044262513518333435,
      0.14669539034366608,
      0.10337185114622116,
      0.720999002456665,
      0.9376533031463623
    ],
    "cr": [
      0.8440513014793396,
      0.8653924465179443,
      0.575771152973175,
      0.3840312957763672,
      0.10729146003723145,
      0.013107679784297943,
      0.24749703705310822,
      0.44474396109580994,
      0.6078954339027405,
      0.6795241236686707,
      0.831340491771698
    ]
  },
  "transmission": {
    "am": [
      0.22377850115299225,
      0.344966858625412,
      0.8175475597381592,
      0.9251070618629456,
      0.9200078845024109,
      0.986501932144165,
      0.9741467833518982,
      0.8521857857704163,
      0.8998278379440308,
      0.29395532608032227,
      0.08894609659910202
    ],
    "cr": [
      0.16846667230129242,
      0.14482872188091278,
      0.43906694650650024,
      0.6332576274871826,
      0.8877503871917725,
      0.983422040939331,
      0.7468862533569336,
      0.5563851594924927,
      0.39447715878486633,
      0.32208189368247986,
      0.17547889053821564
    ]
  },
  "phase_shift_reflection": {
    "am": [
      -1.5143710374832153,
      -1.6424777507781982,
      -1.0126476287841797,
      -1.5942931175231934,
      1.0210868120193481,
      0.13913656771183014,
      -2.0727152824401855,
      -1.7412999868392944,
      -1.5788077116012573,
      -1.9043588638305664,
      -1.9641759395599365
    ],
    "cr": [
      1.2063026428222656,
      1.1612415313720703,
      1.2324819564819336,
      1.4776679277420044,
      1.2141011953353882,
      1.830219030380249,
      -2.00795578956604,
      -2.1144216060638428,
      -1.930971622467041,
      -1.7449220418930054,
      -1.7116540670394897
    ]
  },
  "phase_shift_transmission": {
    "am": [
      2.938539743423462,
      2.7855193614959717,
      2.5318877696990967,
      2.3250575065612793,
      1.533063530921936,
      1.6631457805633545,
      1.892408013343811,
      1.1656213998794556,
      1.1726629734039307,
      0.22188647091388702,
      -0.023559153079986572
    ],
    "cr": [
      1.4605376720428467,
      1.412273645401001,
      1.4072030782699585,
      1.592408537864685,
      1.6065376996994019,
      1.7857239246368408,
      2.3412625789642334,
      1.862514615058899,
      2.134082317352295,
      0.352456271648407,
      0.276628315448761
    ]
  }
}