{
  "name": "pos_test",
  "pos": [
    9.960443470708294e-07,
    5.728271927555644e-07,
    9.842487359207097e-07,
    8.875327249259413e-07,
    8.819807993287005e-07,
    5.660181896913395e-07,
    8.760626657424412e-07,
    7.467439603540174e-07,
    8.045253805798871e-07,
    9.014929955109988e-07,
    9.981095763354482e-07,
    7.244984270316959e-07,
    1.0669071993783951e-07,
    7.731027097258207e-07,
    4.771777571734105e-07,
    5.568891159329191e-07,
    4.335073999946273e-07,
    5.773330032905027e-07,
    5.920556864456012e-07,
    7.119341242406859e-07,
    6.850899094035707e-07,
    6.454252049086352e-07,
    3.1894850557947256e-07,
    4.814530822881472e-08,
    5.749734674452097e-07,
    3.836816798416811e-08,
    1.6189447386729792e-07,
    1.824806206712295e-07,
    1.9978375691051465e-07,
    1.7581728788584588e-07,
    2.7280275773049863e-07,
    2.805832048686257e-07,
    3.12024253921496e-07,
    4.6648036497638525e-09,
    0.0,
    8.000000000000001e-10,
    8.000000000000001e-10
  ],
  "cost": 18.003120300641616,
  "reflection": {
    "am": [
      0.7596446871757507,
      0.3903912305831909,
      0.09713172912597656,
      0.04216308891773224,
      0.0065523493103682995,
      0.06349081546068192,
      0.014780609868466854,
      0.056308548897504807,
      0.07456173002719879,
      0.17549921572208405,
      0.727664053440094
    ],
    "cr": [
      0.693078339099884,
      0.4228403866291046,
      0.287202924489975,
      0.10511381179094315,
      0.026139728724956512,
      0.07713595032691956,
      0.014876126311719418,
      0.0807628482580185,
      0.28878360986709595,
      0.5576658248901367,
      0.843319296836853
    ]
  },
  "transmission": {
    "am": [
      0.24805080890655518,
      0.6106753349304199,
      0.9069020748138428,
      0.9625609517097473,
      0.9974805116653442,
      0.9360830187797546,
      0.9884049892425537,
      0.9413660168647766,
      0.8701947927474976,
      0.8597426414489746,
      0.2808583378791809
    ],
    "cr": [
      0.31108251214027405,
      0.5787390470504761,
      0.2695683538913727,
      0.8893060088157654,
      0.975368082523346,
      0.9214854836463928,
      0.9942585825920105,
      0.9157253503799438,
      0.7159759402275085,
      0.4568576514720917,
      0.1608731895685196
    ]
  },
  "phase_shift_reflection": {
    "am": [
      -1.7364627122879028,
      -1.6327508687973022,
      -0.943324863910675,
      -1.4117270708084106,
      0.690744936466217,
      0.24928566813468933,
      0.4733133912086487,
      1.245711088180542,
      -1.519839882850647,
      -1.1430909633636475,
      -1.550395131111145
    ],
    "cr": [
      -1.5467430353164673,
      -1.5647633075714111,
      -1.7371212244033813,
      -2.2896671295166016,
      -3.118385076522827,
      0.5460745096206665,
      2.1547398567199707,
      1.5262565612792969,
      1.5866130590438843,
      1.4746482372283936,
      1.5718261003494263
    ]
  },
  "phase_shift_transmission": {
    "am": [
      0.2842652499675751,
      0.3450583815574646,
      1.0041104555130005,
      1.4994077682495117,
      1.5486066341400146,
      1.3106646537780762,
      1.466576099395752,
      1.6415233612060547,
      2.286140203475952,
      2.4161391258239746,
      2.908900737762451
    ],
    "cr": [
      0.43213242292404175,
      0.3864153325557709,
      1.4345388412475586,
      1.8773285150527954,
      1.8197351694107056,
      1.3845670223236084,
      1.6654244661331177,
      1.7423237562179565,
      1.692320704460144,
      1.498002529144287,
      1.5739392042160034
    ]
  },
  "meta": {
    "source": "test"
  }
}