{
  "name": "final_hybrid_pso_de",
  "cost": 0.19148271147291177,
  "pos": [
    996.841358232771,
    937.3028644029396,
    957.2941143270995,
    529.0403705745803,
    977.3893953387046,
    858.3766806828942,
    842.2852564523046,
    933.8508466413354,
    763.7708399627139,
    868.5235251506399,
    993.1367204515577,
    713.942336815979,
    172.74114183393647,
    406.34261439604677,
    383.1479856973878,
    638.1012542634799,
    660.3118254162207,
    507.56456085964277,
    834.4348643779797,
    696.0963000688416,
    680.7986565839274,
    645.8622435458224,
    287.4778147021301,
    70.40860708488054,
    44.244966566318794,
    250.46032798242368,
    348.3491628481124,
    258.01157194033124,
    71.05946000310348,
    319.88640843216206,
    233.87637325985304,
    256.188765453614,
    306.06229522720685,
    4.679357569979147,
    6.161948978593331,
    0.8,
    0.8
  ],
  "meta": {
    "cfg": {
      "opt_mode": "hybrid_pso_de"
    }
  },
  "reflection": {
    "am": [
      0.719910740852356,
      0.41243571043014526,
      0.17283642292022705,
      0.0852297693490982,
      0.009073658846318722,
      0.021371329203248024,
      0.0152290603145957,
      0.045088134706020355,
      0.04993675649166107,
      0.2986195385456085,
      0.7050586342811584
    ],
    "cr": [
      0.6667805314064026,
      0.44652071595191956,
      0.30324235558509827,
      0.09260288625955582,
      0.033362891525030136,
      0.032367125153541565,
      0.010704156942665577,
      0.04446413367986679,
      0.37584319710731506,
      0.5453758835792542,
      0.8469929099082947
    ]
  },
  "transmission": {
    "am": [
      0.29112768173217773,
      0.586432933807373,
      0.8270394206047058,
      0.9149069786071777,
      0.9943452477455139,
      0.9828746914863586,
      0.9853173494338989,
      0.9570509195327759,
      0.9077521562576294,
      0.7171798348426819,
      0.30754202604293823
    ],
    "cr": [
      0.33833780884742737,
      0.5543922781944275,
      0.6918956637382507,
      0.905806839466095,
      0.9765105247497559,
      0.9652686715126038,
      0.9983726143836975,
      0.9560937285423279,
      0.6218922734260559,
      0.45069095492362976,
      0.1547100991010666
    ]
  },
  "phase_shift_reflection": {
    "am": [
      -1.7354212999343872,
      -1.6821469068527222,
      -1.5888357162475586,
      -0.5415213108062744,
      -0.06778530776500702,
      1.3737903833389282,
      -0.11309988796710968,
      0.16421382129192352,
      -1.765215277671814,
      -0.913953959941864,
      -1.564868688583374
    ],
    "cr": [
      -1.5616451501846313,
      -1.6198320388793945,
      -2.0284109115600586,
      -0.2799721360206604,
      3.0665700435638428,
      2.8072564601898193,
      3.061842918395996,
      1.0116183757781982,
      1.4854540824890137,
      1.3021297454833984,
      1.407556176185608
    ]
  },
  "phase_shift_transmission": {
    "am": [
      0.32475903630256653,
      0.3113209307193756,
      1.1076306104660034,
      1.0412951707839966,
      1.3450669050216675,
      1.7138370275497437,
      1.4590985774993896,
      1.5387123823165894,
      2.264052629470825,
      2.57045316696167,
      2.858851194381714
    ],
    "cr": [
      0.4459458887577057,
      0.35231345891952515,
      1.652697205543518,
      1.1044076681137085,
      1.6771222352981567,
      1.9662094116210938,
      1.6798144578933716,
      1.6603482961654663,
      1.7315682172775269,
      1.449599027633667,
      1.4882209300994873
    ]
  }
}