{
  "name": "pos_server_2026_03_04_night",
  "cost": null,
  "pos": [
    999.613315,
    886.918846,
    606.035395,
    854.046947,
    517.645193,
    879.810042,
    565.420119,
    964.383427,
    997.814618,
    955.635573,
    995.01642,
    599.598526,
    829.227746,
    539.970803,
    804.025215,
    417.2647,
    615.239459,
    362.347946,
    420.726459,
    609.650053,
    269.023666,
    413.24759,
    376.852495,
    540.484452,
    199.69069,
    357.938384,
    43.5299951,
    257.512612,
    245.768992,
    264.399901,
    509.649663,
    168.530071,
    23.341754,
    4.73217432,
    3.35695242,
    0.956090488,
    0.891457136
  ],
  "meta": {
    "source": "preset"
  },
  "reflection": {
    "am": [
      0.09116001427173615,
      0.5826472640037537,
      0.08904869109392166,
      0.09887439012527466,
      0.09075362980365753,
      0.024730274453759193,
      0.14052411913871765,
      0.2753405272960663,
      0.25713732838630676,
      0.37582212686538696,
      0.9222028255462646
    ],
    "cr": [
      0.032884154468774796,
      0.13751079142093658,
      0.12274225801229477,
      0.17289578914642334,
      0.1266966313123703,
      0.019091300666332245,
      0.14770136773586273,
      0.27384138107299805,
      0.2666115462779999,
      0.4023762047290802,
      0.8113989233970642
    ]
  },
  "transmission": {
    "am": [
      0.9094292521476746,
      0.3077498972415924,
      0.9111797213554382,
      0.8713136911392212,
      0.9055235385894775,
      0.9742418527603149,
      0.8590995073318481,
      0.7227970361709595,
      0.7444771528244019,
      0.6231725811958313,
      0.08731777220964432
    ],
    "cr": [
      0.9600467085838318,
      0.8535017371177673,
      0.8782088756561279,
      0.8011156916618347,
      0.8718366026878357,
      0.9810708165168762,
      0.8512586951255798,
      0.7271261811256409,
      0.7339430451393127,
      0.5972709655761719,
      0.1901881992816925
    ]
  },
  "phase_shift_reflection": {
    "am": [
      -1.115258812904358,
      -1.3818166255950928,
      1.2846522331237793,
      1.9581125974655151,
      1.2354116439819336,
      0.4284754693508148,
      -0.9279704689979553,
      -1.4630945920944214,
      -1.386486291885376,
      -1.621561050415039,
      -1.6726019382476807
    ],
    "cr": [
      -1.1070420742034912,
      0.12528418004512787,
      1.4769023656845093,
      2.2835731506347656,
      1.451572299003601,
      1.2912589311599731,
      -0.7417073249816895,
      -1.3585456609725952,
      -1.2776974439620972,
      -1.5455385446548462,
      -1.173121452331543
    ]
  },
  "phase_shift_transmission": {
    "am": [
      0.9847241640090942,
      2.453214168548584,
      1.6500093936920166,
      1.8666068315505981,
      1.6259483098983765,
      1.41984224319458,
      0.8588372468948364,
      0.5852819085121155,
      0.5931992530822754,
      0.37754473090171814,
      2.284813404083252
    ],
    "cr": [
      1.2029502391815186,
      1.3095269203186035,
      1.7287827730178833,
      2.0211453437805176,
      1.7007125616073608,
      1.575634479522705,
      0.9175835847854614,
      0.6484131217002869,
      0.6436177492141724,
      0.4210803508758545,
      0.12401086091995239
    ]
  }
}