{
  "name": "pos_server_2026_03_12_2",
  "pos": [
    9.819069330000001e-07,
    8.67975732e-07,
    9.41977049e-07,
    9.276789940000001e-07,
    9.75982905e-07,
    8.318907440000001e-07,
    6.539236320000001e-07,
    8.379599950000001e-07,
    9.2198537e-07,
    7.746820010000001e-07,
    9.934547740000002e-07,
    7.25768577e-07,
    2.19316883e-07,
    4.877128850000001e-07,
    5.19326481e-07,
    9.231254790000001e-07,
    4.85692989e-07,
    5.125661720000001e-07,
    7.415529960000001e-07,
    7.165107460000001e-07,
    6.903327200000001e-07,
    6.43673599e-07,
    2.8247335e-07,
    6.53451428e-08,
    3.17534948e-07,
    1.56975911e-07,
    5.9804907e-07,
    3.64798669e-08,
    2.09424948e-07,
    3.3740333500000007e-07,
    3.60524344e-07,
    2.26015529e-07,
    3.0115340400000003e-07,
    4.72943603e-09,
    6.25498466e-09,
    8.000000000000001e-1,
    8.000000000000001e-1
  ],
  "cost": 135.8373821882003,
  "reflection": {
    "am": [
      0.7366375845821519,
      0.38909107739411014,
      0.23302466884061546,
      0.028850129471880894,
      0.014006496879727284,
      0.02780446147557406,
      0.061688185264297396,
      0.03329985553375356,
      0.030662251854962224,
      0.19278710936497523,
      0.772968660923086
    ],
    "cr": [
      0.6639837992484223,
      0.41885326480108837,
      0.22916949351789276,
      0.12103843520345273,
      0.004954635973582913,
      0.009810477530860848,
      0.0764985212195899,
      0.11188690019712522,
      0.2358916777710113,
      0.43989522957259386,
      0.8503162329935356
    ]
  },
  "transmission": {
    "am": [
      0.25947990387544473,
      0.6107239974819018,
      0.7645442795355245,
      0.9695514508025541,
      0.9796262102584972,
      0.9709647163856135,
      0.9387908238987743,
      0.961851340295521,
      0.9461159130531049,
      0.7443025876513467,
      0.23323902672637933
    ],
    "cr": [
      0.3337420392722355,
      0.5818942820299373,
      0.771649969343154,
      0.8715157370393911,
      0.974426857235444,
      0.9970615317046656,
      0.9235487106247127,
      0.8691602814735045,
      0.813029945398207,
      0.544053012858993,
      0.1490266049765304
    ]
  },
  "phase_shift_reflection": {
    "am": [
      -1.7718594496993487,
      -1.623829018083097,
      -1.3405629733454314,
      -1.6937415712915893,
      0.22148818804850404,
      -0.44306824042528403,
      0.4702715882178248,
      -0.38439551168386793,
      0.4353990408468169,
      -1.0721852542888128,
      -1.3937233631782333
    ],
    "cr": [
      -1.556517365773068,
      -1.5561064311580077,
      -1.2121589357395048,
      -2.3514851440221185,
      -1.465907039146106,
      0.6910782074551327,
      0.7760316035768783,
      1.705488214054726,
      1.7021183552075865,
      1.4493645876926773,
      1.4888640565016764
    ]
  },
  "phase_shift_transmission": {
    "am": [
      0.3245534395128666,
      0.36909605199470913,
      0.6720099639174734,
      1.4614671561204402,
      1.4664692305676827,
      1.4021988644247183,
      1.3875359673505263,
      1.877435783901743,
      1.6283159400526772,
      2.4878672556453068,
      2.975195255516831
    ],
    "cr": [
      0.46538214866618377,
      0.4113061918575056,
      0.7354077244287199,
      1.8605944192053887,
      1.6092093299905172,
      1.5893486027973145,
      1.4618890521956056,
      1.7216568999674362,
      1.4661519349397252,
      1.6254379318687402,
      1.4919164630315223
    ]
  },
  "meta": {
    "source": "test"
  }
}
