{
  "name": "pos_server_2026_03_27",
  "pos": [
    9.99483818528431e-07,
    9.188722265129985e-07,
    8.242836509004236e-07,
    7.28661893872381e-07,
    8.148839867487604e-07,
    9.561085381367339e-07,
    8.582514907796472e-07,
    7.737700037958455e-07,
    8.106817330425298e-07,
    7.321705799226643e-07,
    9.984860188776006e-07,
    6.449450445785125e-07,
    6.826988850958929e-07,
    7.124620752787625e-07,
    5.627513193167834e-07,
    4.99848140552402e-07,
    6.043595974506708e-07,
    5.038428965410576e-07,
    5.604661990034843e-07,
    5.638485399173609e-07,
    1.3280927921633043e-07,
    7.339901412359708e-07,
    3.133460042266406e-07,
    2.848064028829509e-07,
    2.818830934747372e-07,
    1.5869181919172922e-07,
    2.2532964801650016e-08,
    3.0428640206508813e-07,
    7.864654602735334e-08,
    1.749145959124581e-08,
    5.7194056520267535e-08,
    2.0853752152167705e-08,
    3.4939702803051257e-07,
    4.650226380466537,
    3.1858791750474564,
    0.8022855448310745,
    0.8027976660422049
  ],
  "cost": 0.09079338839526847,
  "reflection": {
    "am": [
      0.7358125193710224,
      0.24171999654116644,
      0.08641439255928965,
      0.05419344227304555,
      0.018606620920876137,
      0.018013264429015133,
      0.016677190426253635,
      0.008372386789566522,
      0.0538125908507416,
      0.4068447017034081,
      0.8099424078725597
    ],
    "cr": [
      0.8444435125905543,
      0.6118897489744066,
      0.26815228799522633,
      0.07880476350770249,
      0.010936356276177948,
      0.008649601648703084,
      0.013390775089438924,
      0.10962437224942011,
      0.2748853196735422,
      0.4385816745431895,
      0.7131891488177449
    ]
  },
  "transmission": {
    "am": [
      0.27196214042368083,
      0.8010764004788364,
      0.8800002839653185,
      0.9441037529771114,
      0.9822432076471174,
      0.9828702072819575,
      0.9826597025586831,
      0.99123331714795,
      0.9579732885134068,
      0.5939131281635633,
      0.20239115599342178
    ],
    "cr": [
      0.1618772535679934,
      0.4035059132858851,
      0.7339813119347769,
      0.9206149389017334,
      0.9945151546609708,
      0.9966267923533475,
      0.9953095199244107,
      0.8784607463064269,
      0.7162625421628503,
      0.5617250389439428,
      0.29253769612074876
    ]
  },
  "phase_shift_reflection": {
    "am": [
      -1.548170996750397,
      -1.1366135103812756,
      -1.454462147051297,
      1.0193414685101267,
      0.08249368458310571,
      -0.701829616776049,
      -0.46041069240548976,
      -2.8735256566103944,
      -1.8936549324201082,
      -1.6597823294886809,
      -1.7248771737085347
    ],
    "cr": [
      1.595578306623687,
      1.6279997805808277,
      1.6046638030385088,
      1.325828716160423,
      1.228496570306816,
      2.404272680293534,
      -2.7861369640567397,
      -1.7875340460478977,
      -1.5858765529947831,
      -1.5963803454677281,
      -1.5290308000495045
    ]
  },
  "phase_shift_transmission": {
    "am": [
      2.9241351653409398,
      2.56228962068049,
      2.301047390437023,
      1.571069294210546,
      1.4980965943241968,
      1.2935344300881924,
      1.4322178900391314,
      2.0918327034447093,
      2.1655893824075427,
      0.32173325807785597,
      0.23056454959920256
    ],
    "cr": [
      1.5919548722008825,
      1.5359069195950341,
      1.669549308992116,
      1.666805193291637,
      1.6837443534838339,
      1.5453762759338416,
      1.6715176044593723,
      2.4329690676794473,
      2.6303301023874712,
      0.3628032941665089,
      0.4336676303869075
    ]
  },
  "meta": {
    "source": "preset"
  }
}